<PAMDataset>
  <PAMRasterBand band="1">
    <Histograms>
      <HistItem>
        <HistMin>-1.25</HistMin>
        <HistMax>0.25</HistMax>
        <BucketCount>2</BucketCount>
        <IncludeOutOfRange>0</IncludeOutOfRange>
        <Approximate>0</Approximate>
        <HistCounts>765|14543</HistCounts>
      </HistItem>
    </Histograms>
    <Metadata>
      <MDI key="COLOR_TABLE_RULE_RGB_0">-1.000000e+000 -8.000000e-001 255 255 0 0 255 0</MDI>
      <MDI key="COLOR_TABLE_RULE_RGB_1">-8.000000e-001 -6.000000e-001 0 255 0 0 255 255</MDI>
      <MDI key="COLOR_TABLE_RULE_RGB_2">-6.000000e-001 -4.000000e-001 0 255 255 0 0 255</MDI>
      <MDI key="COLOR_TABLE_RULE_RGB_3">-4.000000e-001 -2.000000e-001 0 0 255 255 0 255</MDI>
      <MDI key="COLOR_TABLE_RULE_RGB_4">-2.000000e-001 0.000000e+000 255 0 255 255 0 0</MDI>
      <MDI key="COLOR_TABLE_RULES_COUNT">5</MDI>
      <MDI key="Generated_with">GRASS GIS 7.0.0</MDI>
      <MDI key="STATISTICS_MAXIMUM">0</MDI>
      <MDI key="STATISTICS_MEAN">-0.049973869871962</MDI>
      <MDI key="STATISTICS_MINIMUM">-1</MDI>
      <MDI key="STATISTICS_STDDEV">0.21789098696821</MDI>
    </Metadata>
  </PAMRasterBand>
</PAMDataset>
